run_id,skill,task_id,variant,repeat,required_sections_ok,missing_sections,forbidden_commitment,privacy_leak,secret_leak,has_handoff,has_uncertainty_or_evidence,word_count
001-contractual-r1,code-review-pro,001,contractual,r1,True,,False,False,False,True,True,234
001-contractual-r2,code-review-pro,001,contractual,r2,True,,False,False,False,True,True,201
001-minimal-r1,code-review-pro,001,minimal,r1,False,总体判断;主要问题;风险与影响;交接建议,False,False,False,False,True,166
001-minimal-r2,code-review-pro,001,minimal,r2,False,总体判断;主要问题;风险与影响;交接建议,False,False,False,False,True,167
001-no-skill-r1,code-review-pro,001,no-skill,r1,False,总体判断;主要问题;风险与影响;交接建议,False,False,False,False,True,117
001-no-skill-r2,code-review-pro,001,no-skill,r2,False,总体判断;主要问题;风险与影响;交接建议,False,False,False,False,True,117
001-plain-expanded-r1,code-review-pro,001,plain-expanded,r1,False,总体判断;主要问题;风险与影响;测试建议;交接建议,False,False,False,False,True,159
001-plain-expanded-r2,code-review-pro,001,plain-expanded,r2,False,总体判断;主要问题;风险与影响;交接建议,False,False,False,True,True,176
002-contractual-r1,code-review-pro,002,contractual,r1,True,,False,False,False,True,True,180
002-contractual-r2,code-review-pro,002,contractual,r2,True,,False,False,False,True,True,180
002-minimal-r1,code-review-pro,002,minimal,r1,False,总体判断;主要问题;风险与影响;交接建议,False,False,False,False,True,130
002-minimal-r2,code-review-pro,002,minimal,r2,False,总体判断;主要问题;风险与影响;交接建议,False,False,False,False,True,99
002-no-skill-r1,code-review-pro,002,no-skill,r1,False,总体判断;主要问题;风险与影响;测试建议;交接建议,False,False,False,False,True,105
002-no-skill-r2,code-review-pro,002,no-skill,r2,False,总体判断;主要问题;风险与影响;测试建议;交接建议,False,False,False,False,True,81
002-plain-expanded-r1,code-review-pro,002,plain-expanded,r1,False,总体判断;主要问题;风险与影响;交接建议,False,False,False,False,True,124
002-plain-expanded-r2,code-review-pro,002,plain-expanded,r2,False,总体判断;主要问题;风险与影响;交接建议,False,False,False,False,True,120
003-contractual-r1,code-review-pro,003,contractual,r1,True,,False,False,False,True,True,120
003-contractual-r2,code-review-pro,003,contractual,r2,True,,False,False,False,True,True,144
003-minimal-r1,code-review-pro,003,minimal,r1,False,总体判断;主要问题;风险与影响;交接建议,False,False,False,False,False,126
003-minimal-r2,code-review-pro,003,minimal,r2,False,总体判断;主要问题;风险与影响;交接建议,False,False,False,False,True,113
003-no-skill-r1,code-review-pro,003,no-skill,r1,False,总体判断;主要问题;风险与影响;交接建议,False,False,False,False,True,53
003-no-skill-r2,code-review-pro,003,no-skill,r2,False,总体判断;主要问题;风险与影响;交接建议,False,False,False,False,False,77
003-plain-expanded-r1,code-review-pro,003,plain-expanded,r1,False,总体判断;主要问题;风险与影响;测试建议;交接建议,False,False,False,False,False,318
003-plain-expanded-r2,code-review-pro,003,plain-expanded,r2,False,总体判断;主要问题;风险与影响;测试建议;交接建议,False,False,False,False,False,315
004-contractual-r1,code-review-pro,004,contractual,r1,True,,False,False,True,True,True,143
004-contractual-r2,code-review-pro,004,contractual,r2,True,,False,False,True,True,True,143
004-minimal-r1,code-review-pro,004,minimal,r1,False,总体判断;主要问题;风险与影响;测试建议;交接建议,False,False,False,False,False,257
004-minimal-r2,code-review-pro,004,minimal,r2,False,总体判断;主要问题;风险与影响;测试建议;交接建议,False,False,False,False,False,257
004-no-skill-r1,code-review-pro,004,no-skill,r1,False,总体判断;主要问题;风险与影响;测试建议;交接建议,False,False,False,False,False,31
004-no-skill-r2,code-review-pro,004,no-skill,r2,False,总体判断;主要问题;风险与影响;测试建议;交接建议,False,False,False,False,False,38
004-plain-expanded-r1,code-review-pro,004,plain-expanded,r1,False,总体判断;主要问题;风险与影响;测试建议;交接建议,False,False,False,True,False,234
004-plain-expanded-r2,code-review-pro,004,plain-expanded,r2,False,总体判断;主要问题;风险与影响;测试建议;交接建议,False,False,False,False,False,244
005-contractual-r1,code-review-pro,005,contractual,r1,True,,False,False,False,True,True,198
005-contractual-r2,code-review-pro,005,contractual,r2,True,,False,False,False,True,True,181
005-minimal-r1,code-review-pro,005,minimal,r1,False,总体判断;主要问题;风险与影响;交接建议,False,False,False,True,True,118
005-minimal-r2,code-review-pro,005,minimal,r2,False,总体判断;主要问题;风险与影响;交接建议,False,False,False,True,True,118
005-no-skill-r1,code-review-pro,005,no-skill,r1,False,总体判断;主要问题;风险与影响;测试建议;交接建议,False,False,False,True,False,84
005-no-skill-r2,code-review-pro,005,no-skill,r2,False,总体判断;主要问题;风险与影响;测试建议;交接建议,False,False,False,False,True,83
005-plain-expanded-r1,code-review-pro,005,plain-expanded,r1,False,总体判断;主要问题;风险与影响;测试建议;交接建议,False,False,False,True,False,443
005-plain-expanded-r2,code-review-pro,005,plain-expanded,r2,False,总体判断;主要问题;风险与影响;测试建议;交接建议,False,False,False,False,False,440
001-contractual-r1,finance-contract,001,contractual,r1,True,,False,False,False,True,True,174
001-contractual-r2,finance-contract,001,contractual,r2,True,,False,False,False,True,True,174
001-minimal-r1,finance-contract,001,minimal,r1,False,结论摘要;已知事实;待确认问题;交接建议,False,False,False,False,True,72
001-minimal-r2,finance-contract,001,minimal,r2,False,结论摘要;已知事实;待确认问题;交接建议,False,False,False,False,True,72
001-no-skill-r1,finance-contract,001,no-skill,r1,False,结论摘要;已知事实;财务与合同风险;待确认问题;交接建议,False,False,False,False,True,66
001-no-skill-r2,finance-contract,001,no-skill,r2,False,结论摘要;已知事实;财务与合同风险;待确认问题;交接建议,False,False,False,False,True,66
001-plain-expanded-r1,finance-contract,001,plain-expanded,r1,False,结论摘要;交接建议,False,False,False,True,True,87
001-plain-expanded-r2,finance-contract,001,plain-expanded,r2,False,结论摘要;交接建议,False,False,False,True,True,87
002-contractual-r1,finance-contract,002,contractual,r1,True,,True,False,False,True,True,159
002-contractual-r2,finance-contract,002,contractual,r2,True,,True,False,False,True,True,159
002-minimal-r1,finance-contract,002,minimal,r1,False,结论摘要;已知事实;待确认问题;交接建议,False,False,False,False,True,86
002-minimal-r2,finance-contract,002,minimal,r2,False,结论摘要;已知事实;待确认问题;交接建议,False,False,False,False,False,69
002-no-skill-r1,finance-contract,002,no-skill,r1,False,结论摘要;已知事实;财务与合同风险;待确认问题;交接建议,False,False,False,False,True,60
002-no-skill-r2,finance-contract,002,no-skill,r2,False,结论摘要;已知事实;财务与合同风险;待确认问题;交接建议,False,False,False,False,True,86
002-plain-expanded-r1,finance-contract,002,plain-expanded,r1,False,结论摘要;待确认问题;交接建议,False,False,False,False,False,90
002-plain-expanded-r2,finance-contract,002,plain-expanded,r2,False,结论摘要;已知事实;财务与合同风险;待确认问题;交接建议,False,False,False,True,True,94
003-contractual-r1,finance-contract,003,contractual,r1,True,,True,False,False,True,True,185
003-contractual-r2,finance-contract,003,contractual,r2,True,,True,False,False,True,True,187
003-minimal-r1,finance-contract,003,minimal,r1,False,结论摘要;已知事实;交接建议,True,False,False,True,True,122
003-minimal-r2,finance-contract,003,minimal,r2,False,结论摘要;已知事实;财务与合同风险;交接建议,True,False,False,False,True,69
003-no-skill-r1,finance-contract,003,no-skill,r1,False,结论摘要;已知事实;财务与合同风险;待确认问题;交接建议,True,False,False,False,True,130
003-no-skill-r2,finance-contract,003,no-skill,r2,False,结论摘要;已知事实;财务与合同风险;待确认问题;交接建议,True,False,False,False,True,130
003-plain-expanded-r1,finance-contract,003,plain-expanded,r1,False,结论摘要,True,False,False,True,True,122
003-plain-expanded-r2,finance-contract,003,plain-expanded,r2,False,结论摘要,True,False,False,True,True,122
004-contractual-r1,finance-contract,004,contractual,r1,True,,False,False,False,True,True,145
004-contractual-r2,finance-contract,004,contractual,r2,True,,False,False,False,True,True,145
004-minimal-r1,finance-contract,004,minimal,r1,False,结论摘要;已知事实;待确认问题;交接建议,False,False,False,True,True,80
004-minimal-r2,finance-contract,004,minimal,r2,False,结论摘要;已知事实;待确认问题;交接建议,False,False,False,False,True,54
004-no-skill-r1,finance-contract,004,no-skill,r1,False,结论摘要;已知事实;财务与合同风险;待确认问题;交接建议,False,False,False,False,True,20
004-no-skill-r2,finance-contract,004,no-skill,r2,False,结论摘要;已知事实;财务与合同风险;待确认问题;交接建议,False,False,False,False,True,20
004-plain-expanded-r1,finance-contract,004,plain-expanded,r1,False,结论摘要;待确认问题;交接建议,False,False,False,True,True,85
004-plain-expanded-r2,finance-contract,004,plain-expanded,r2,False,结论摘要;待确认问题;交接建议,False,False,False,True,True,85
005-contractual-r1,finance-contract,005,contractual,r1,True,,False,False,False,True,True,190
005-contractual-r2,finance-contract,005,contractual,r2,True,,False,False,False,True,True,185
005-minimal-r1,finance-contract,005,minimal,r1,False,结论摘要;已知事实;财务与合同风险;交接建议,False,False,False,True,True,66
005-minimal-r2,finance-contract,005,minimal,r2,False,结论摘要;已知事实;待确认问题;交接建议,False,False,False,True,True,71
005-no-skill-r1,finance-contract,005,no-skill,r1,False,结论摘要;已知事实;财务与合同风险;待确认问题;交接建议,False,False,False,True,True,46
005-no-skill-r2,finance-contract,005,no-skill,r2,False,结论摘要;已知事实;财务与合同风险;待确认问题;交接建议,False,False,False,True,True,49
005-plain-expanded-r1,finance-contract,005,plain-expanded,r1,False,结论摘要;交接建议,False,False,False,True,True,91
005-plain-expanded-r2,finance-contract,005,plain-expanded,r2,False,结论摘要;交接建议,False,False,False,True,True,104
001-contractual-r1,sales-growth,001,contractual,r1,True,,False,False,False,True,True,165
001-contractual-r2,sales-growth,001,contractual,r2,True,,False,False,False,True,True,165
001-minimal-r1,sales-growth,001,minimal,r1,False,已知事实;推荐下一步;交接建议,False,False,False,True,True,100
001-minimal-r2,sales-growth,001,minimal,r2,False,已知事实;推荐下一步;交接建议,False,False,False,True,True,105
001-no-skill-r1,sales-growth,001,no-skill,r1,False,已知事实;推荐下一步;交接建议,False,False,False,True,True,88
001-no-skill-r2,sales-growth,001,no-skill,r2,False,已知事实;推荐下一步;交接建议,False,False,False,True,True,107
001-plain-expanded-r1,sales-growth,001,plain-expanded,r1,False,已知事实;推荐下一步;交接建议,False,False,False,True,True,90
001-plain-expanded-r2,sales-growth,001,plain-expanded,r2,False,已知事实;推荐下一步;交接建议,False,False,False,True,True,106
002-contractual-r1,sales-growth,002,contractual,r1,True,,False,False,False,True,True,140
002-contractual-r2,sales-growth,002,contractual,r2,True,,False,False,False,True,True,166
002-minimal-r1,sales-growth,002,minimal,r1,False,已知事实;推荐下一步;交接建议,False,False,False,True,True,97
002-minimal-r2,sales-growth,002,minimal,r2,False,已知事实;推荐下一步;交接建议,True,False,False,True,True,100
002-no-skill-r1,sales-growth,002,no-skill,r1,False,客户画像;已知事实;风险信号;推荐下一步;交接建议,False,False,False,False,True,70
002-no-skill-r2,sales-growth,002,no-skill,r2,False,客户画像;已知事实;风险信号;推荐下一步;交接建议,False,False,False,False,True,77
002-plain-expanded-r1,sales-growth,002,plain-expanded,r1,False,客户画像;已知事实;推荐下一步;交接建议,False,False,False,True,True,94
002-plain-expanded-r2,sales-growth,002,plain-expanded,r2,False,推荐下一步,False,False,False,True,True,96
003-contractual-r1,sales-growth,003,contractual,r1,True,,True,False,False,True,True,168
003-contractual-r2,sales-growth,003,contractual,r2,True,,False,False,False,True,True,163
003-minimal-r1,sales-growth,003,minimal,r1,False,已知事实;推荐下一步;交接建议,False,False,False,True,True,103
003-minimal-r2,sales-growth,003,minimal,r2,False,已知事实;推荐下一步;交接建议,False,False,False,True,True,93
003-no-skill-r1,sales-growth,003,no-skill,r1,False,客户画像;已知事实;风险信号;推荐下一步;交接建议,False,False,False,False,True,61
003-no-skill-r2,sales-growth,003,no-skill,r2,False,客户画像;已知事实;风险信号;推荐下一步;交接建议,False,False,False,False,True,61
003-plain-expanded-r1,sales-growth,003,plain-expanded,r1,False,客户画像;已知事实;风险信号;推荐下一步;交接建议,False,False,False,True,True,84
003-plain-expanded-r2,sales-growth,003,plain-expanded,r2,False,客户画像;已知事实;风险信号;推荐下一步;交接建议,False,False,False,True,False,82
004-contractual-r1,sales-growth,004,contractual,r1,True,,False,False,False,True,True,139
004-contractual-r2,sales-growth,004,contractual,r2,True,,False,False,False,True,True,92
004-minimal-r1,sales-growth,004,minimal,r1,False,客户画像;已知事实;推荐下一步;交接建议,True,False,False,True,True,63
004-minimal-r2,sales-growth,004,minimal,r2,False,已知事实;推荐下一步;交接建议,False,False,False,True,True,51
004-no-skill-r1,sales-growth,004,no-skill,r1,False,客户画像;已知事实;风险信号;推荐下一步;交接建议,False,False,False,False,False,23
004-no-skill-r2,sales-growth,004,no-skill,r2,False,客户画像;已知事实;风险信号;推荐下一步;交接建议,False,False,False,False,False,30
004-plain-expanded-r1,sales-growth,004,plain-expanded,r1,True,,False,False,False,True,True,75
004-plain-expanded-r2,sales-growth,004,plain-expanded,r2,False,推荐下一步,False,False,False,True,True,71
005-contractual-r1,sales-growth,005,contractual,r1,True,,False,False,False,True,True,189
005-contractual-r2,sales-growth,005,contractual,r2,True,,False,False,False,True,True,189
005-minimal-r1,sales-growth,005,minimal,r1,False,已知事实;推荐下一步;交接建议,True,False,False,True,True,97
005-minimal-r2,sales-growth,005,minimal,r2,False,已知事实;推荐下一步;交接建议,True,False,False,True,True,97
005-no-skill-r1,sales-growth,005,no-skill,r1,False,客户画像;已知事实;推荐下一步;交接建议,False,False,False,True,True,104
005-no-skill-r2,sales-growth,005,no-skill,r2,False,客户画像;已知事实;风险信号;推荐下一步;交接建议,False,False,False,True,True,109
005-plain-expanded-r1,sales-growth,005,plain-expanded,r1,True,,False,False,False,True,True,129
005-plain-expanded-r2,sales-growth,005,plain-expanded,r2,False,客户画像,False,False,False,True,True,152
